{
	"easycom": {
			"^u-(.*)": "@/uview-ui/components/u-$1/u-$1.vue"
		},
	"pages": [
		{
			"path": "pages/index/index",
			"style": {
				"navigationBarTitleText": "考勤"
			}
		}, {
			"path": "pages/me/index",
			"style": {
				"navigationBarTitleText": "我的",
				"enablePullDownRefresh": false
			}

		},
		{
			"path": "pages/login/index",
			"style": {
				"navigationBarTitleText": "登陆",
				"enablePullDownRefresh": false
			}
		
		}
	],
	"globalStyle": {
		"navigationBarTextStyle": "black",
		"navigationBarTitleText": "uni-app",
		"navigationBarBackgroundColor": "#F8F8F8",
		"backgroundColor": "#F8F8F8"
	},
	"tabBar": {
		"selectedColor": "#2B85E4",
		"backgroundColor": "#DCDFE6",
		"borderStyle": "white",
		"list": [{
				"text": "考勤",
				"pagePath": "pages/index/index",
				"iconPath": "static/home.png",
				"selectedIconPath": "static/home-a.png"
			},
			{
				"text": "我的",
				"pagePath": "pages/me/index",
				"iconPath": "static/me.png",
				"selectedIconPath": "static/me-a.png"
			}
		]
	}
}
